{"entry_price": 83.66, "trade_type": "sell", "quantity": 4.72448003825006, "status": "closed", "open_time": 1713577665.652113, "close_time": 1713577732.2454638, "exit_price": 84.54, "profit_loss": -4.157542433660098}
{"entry_price": 0.764, "trade_type": "sell", "quantity": 517.3429319371728, "status": "closed", "open_time": 1713577710.3372338, "close_time": 1713577776.900257, "exit_price": 0.7763, "profit_loss": -6.363318062827214}
{"entry_price": 83.64, "trade_type": "sell", "quantity": 4.725609756097561, "status": "closed", "open_time": 1713577687.5749056, "close_time": 1713577776.900257, "exit_price": 85.53, "profit_loss": -8.931402439024392}
{"entry_price": 1.2356, "trade_type": "sell", "quantity": 319.88507607640014, "status": "closed", "open_time": 1713577732.2454638, "close_time": 1713577799.6031568, "exit_price": 1.1865, "profit_loss": 15.706357235351222}
{"entry_price": 0.7723, "trade_type": "sell", "quantity": 511.7829858863136, "status": "closed", "open_time": 1713577754.9872897, "close_time": 1713577821.4931788, "exit_price": 0.7405, "profit_loss": 16.274698951184742}
{"entry_price": 110.38, "trade_type": "sell", "quantity": 3.5808117412574743, "status": "closed", "open_time": 1713577776.900257, "close_time": 1713577844.2250333, "exit_price": 118.07, "profit_loss": -27.536442290269967}
{"entry_price": 1.2937, "trade_type": "sell", "quantity": 305.5190538764783, "status": "closed", "open_time": 1713577799.6031568, "close_time": 1713577866.0737152, "exit_price": 1.3039, "profit_loss": -3.116294349540075}
{"entry_price": 1.7285, "trade_type": "sell", "quantity": 228.6664738212323, "status": "closed", "open_time": 1713577821.4923146, "close_time": 1713577888.859277, "exit_price": 1.7595, "profit_loss": -7.088660688458233}
{"entry_price": 0.7354, "trade_type": "sell", "quantity": 537.4626053848245, "status": "closed", "open_time": 1713577844.2250333, "close_time": 1713577910.7288022, "exit_price": 0.7459, "profit_loss": -5.6433573565406325}
{"entry_price": 89.09, "trade_type": "sell", "quantity": 4.4365248624985965, "status": "closed", "open_time": 1713577866.0728414, "close_time": 1713577955.352082, "exit_price": 85.63, "profit_loss": 15.350376024245179}
{"entry_price": 0.6431, "trade_type": "sell", "quantity": 614.6011506764112, "status": "closed", "open_time": 1713577888.858197, "close_time": 1713577955.352082, "exit_price": 0.6115, "profit_loss": 19.42139636137457}
{"entry_price": 1.1109, "trade_type": "sell", "quantity": 355.79260059411286, "status": "closed", "open_time": 1713577933.4332411, "close_time": 1713578000.0279243, "exit_price": 1.1221, "profit_loss": -3.984877126654099}
{"entry_price": 0.6353, "trade_type": "sell", "quantity": 622.1470171572486, "status": "closed", "open_time": 1713577910.7279992, "close_time": 1713578000.0279243, "exit_price": 0.6641, "profit_loss": -17.91783409412879}
{"entry_price": 0.6115, "trade_type": "sell", "quantity": 646.3614063777595, "status": "closed", "open_time": 1713577955.351104, "close_time": 1713578022.7569404, "exit_price": 0.6688, "profit_loss": -37.03650858544556}
{"entry_price": 1.1253, "trade_type": "sell", "quantity": 351.23966942148763, "status": "closed", "open_time": 1713577978.1182008, "close_time": 1713578044.683483, "exit_price": 1.1388, "profit_loss": -4.741735537190107}
{"entry_price": 1.271, "trade_type": "sell", "quantity": 310.9756097560976, "status": "closed", "open_time": 1713578000.0268438, "close_time": 1713578067.4002488, "exit_price": 1.3035, "profit_loss": -10.106707317073232}
{"entry_price": 90.48, "trade_type": "sell", "quantity": 4.368368700265251, "status": "closed", "open_time": 1713578022.7569404, "close_time": 1713578089.272426, "exit_price": 94.83, "profit_loss": -19.00240384615382}
{"entry_price": 0.7825, "trade_type": "sell", "quantity": 505.111821086262, "status": "closed", "open_time": 1713578067.4002488, "close_time": 1713578133.905831, "exit_price": 0.8338, "profit_loss": -25.912236421725247}
{"entry_price": 0.681, "trade_type": "sell", "quantity": 580.3964757709251, "status": "closed", "open_time": 1713578044.6826525, "close_time": 1713578133.905831, "exit_price": 0.7443, "profit_loss": -36.73909691629951}
{"entry_price": 0.7798, "trade_type": "sell", "quantity": 506.86073352141574, "status": "closed", "open_time": 1713578089.271424, "close_time": 1713578178.5553539, "exit_price": 0.864, "profit_loss": -42.677673762503176}
{"entry_price": 0.7109, "trade_type": "sell", "quantity": 555.9853706569138, "status": "closed", "open_time": 1713578112.0259812, "close_time": 1713578178.5553539, "exit_price": 0.7827, "profit_loss": -39.919749613166395}
{"entry_price": 101.66, "trade_type": "sell", "quantity": 3.887959866220736, "status": "closed", "open_time": 1713578156.660473, "close_time": 1713578223.2483425, "exit_price": 100.13, "profit_loss": 5.948578595317731}
{"entry_price": 0.7443, "trade_type": "sell", "quantity": 531.0358726320032, "status": "closed", "open_time": 1713578133.9050272, "close_time": 1713578223.2483425, "exit_price": 0.7486, "profit_loss": -2.2834542523176573}
{"entry_price": 0.864, "trade_type": "sell", "quantity": 457.46527777777777, "status": "closed", "open_time": 1713578178.554326, "close_time": 1713578267.8386757, "exit_price": 0.8789, "profit_loss": -6.8162326388889}
{"entry_price": 1.0795, "trade_type": "sell", "quantity": 366.1417322834646, "status": "closed", "open_time": 1713578201.3181078, "close_time": 1713578267.8386757, "exit_price": 1.0214, "profit_loss": 21.272834645669228}
{"entry_price": 0.7486, "trade_type": "sell", "quantity": 527.9855730697301, "status": "closed", "open_time": 1713578223.247345, "close_time": 1713578290.5862126, "exit_price": 0.7879, "profit_loss": -20.749833021640395}
{"entry_price": 115.48, "trade_type": "sell", "quantity": 3.422670592310357, "status": "closed", "open_time": 1713578245.9436276, "close_time": 1713578312.4838305, "exit_price": 108.28, "profit_loss": 24.64322826463458}
{"entry_price": 1.0214, "trade_type": "sell", "quantity": 386.9688662619933, "status": "closed", "open_time": 1713578267.83784, "close_time": 1713578335.1973052, "exit_price": 1.0221, "profit_loss": -0.27087820638336546}
{"entry_price": 1.9647, "trade_type": "sell", "quantity": 201.17575202320967, "status": "closed", "open_time": 1713578290.5862126, "close_time": 1713578357.0984774, "exit_price": 1.9896, "profit_loss": -5.00927622537795}
{"entry_price": 1.9542, "trade_type": "sell", "quantity": 202.25667792447038, "status": "closed", "open_time": 1713578312.4827497, "close_time": 1713578379.8189793, "exit_price": 1.9753, "profit_loss": -4.267615904206349}
{"entry_price": 1.5845, "trade_type": "sell", "quantity": 249.44777532344588, "status": "closed", "open_time": 1713578335.1973052, "close_time": 1713578401.6938913, "exit_price": 1.5947, "profit_loss": -2.5443673082991447}
{"entry_price": 1.0508, "trade_type": "sell", "quantity": 376.14198705748004, "status": "closed", "open_time": 1713578357.0974324, "close_time": 1713578446.3937495, "exit_price": 1.1087, "profit_loss": -21.778621050628118}
{"entry_price": 101.99, "trade_type": "sell", "quantity": 3.8753799392097266, "status": "closed", "open_time": 1713578379.8178804, "close_time": 1713578446.3937495, "exit_price": 89.05, "profit_loss": 50.147416413373854}
{"entry_price": 1.0069, "trade_type": "sell", "quantity": 392.5414638990963, "status": "closed", "open_time": 1713578401.693041, "close_time": 1713578469.1197202, "exit_price": 1.2124, "profit_loss": -80.66727083126429}
{"entry_price": 1.4899, "trade_type": "sell", "quantity": 265.286260822874, "status": "closed", "open_time": 1713578424.444246, "close_time": 1713578491.0182357, "exit_price": 1.3406, "profit_loss": 39.60723874085509}
{"entry_price": 106.97, "trade_type": "sell", "quantity": 3.6949612040759092, "status": "closed", "open_time": 1713578446.3929, "close_time": 1713578513.7719693, "exit_price": 91.3, "profit_loss": 57.90004206786951}
{"entry_price": 1.6197, "trade_type": "sell",